SCH_ID,X1NCESID,W1MATHTCH,W1SCITCH,W3HSTRANS,X1SEX,X1RACE,X1TXMTH,X1TXMSEM,X1TXMSCR,X1TXMTSCOR,X1TXMQUINT,X1TXMPROF1,X1TXMPROF2,X1TXMPROF3,X1TXMPROF4,X1TXMPROF5,X1PAR1OCC_STEM1,X1PAR1OCC_STEM2,X1PAR2OCC_STEM1,X1PAR2OCC_STEM2,X1PAREDU,X1FAMINCOME,X1MTHID,X1MTHUTI,X1MTHEFF,X1MTHINT,X1SCIUTI,X1SCIEFF,X1SCIINT
-5,-5,58.080616,53.058432,40.256734,2,2,0.2664,0.2489,43.6049,53.5156,4,0.997,0.8562,0.535,0.1095,0.0625,0,-5,-7,-5,5,2,-0.57,1.31,0.1,1.25,-0.33,-1.74,-0.61
-5,-5,48.039016,48.426831,45.227501,1,8,-0.9607,0.2323,26.2709,40.7776,1,0.7332,0.1174,0.0537,0.0426,0.0475,0,-5,0,-5,5,13,0.6,0.67,1.23,1.32,0.66,1.1,1.19
-5,-5,31.830398,16.917799,27.187809,1,8,1.8582,0.2444,62.3449,70.0409,5,1,0.9984,0.9986,0.9232,0.4902,4,-5,0,-5,4,10,1.76,0.9,0.95,1.34,1.27,-0.17,1.71
-5,-5,18.515052,18.664523,16.980831,1,8,0.7483,0.2467,49.5066,58.5181,4,0.9996,0.9584,0.8646,0.2656,0.0922,-8,-5,-8,-5,-8,-8,-1.16,-1.33,-1.41,-1.79,-0.76,-0.46,-1.05
-5,-5,0,0,259.116512,1,5,-8,-8,-8,-8,-8,-8,-8,-8,-8,-8,0,-5,-7,-5,2,3,-8,-8,-8,-8,-8,-8,-8
-5,-5,659.756532,0,786.189396,2,3,-0.0416,0.2525,39.5345,50.3189,3,0.9895,0.7099,0.3044,0.0733,0.0548,-8,-5,-8,-5,-8,-8,0.6,-0.3,0.1,-1.03,-7,-7,-7
-5,-5,0,400.094703,284.134366,1,5,0.4299,0.2429,45.6397,55.213,4,0.9985,0.9039,0.6668,0.1437,0.0693,0,-5,0,-5,2,1,0,-0.3,-0.56,0.86,0.1,-0.48,0.16
-5,-5,90.092527,0,63.485092,1,8,0.7292,0.2525,49.2775,58.3204,4,0.9996,0.9562,0.8559,0.2557,0.0903,0,-5,-7,-5,3,11,1.16,0.27,1.34,0.85,-7,-7,-7
-5,-5,0,0,259.440672,1,-9,-8,-8,-8,-8,-8,-8,-8,-8,-8,-8,-8,-5,-8,-5,-8,-8,-8,-8,-8,-8,-8,-8,-8
-5,-5,242.912989,225.873495,174.640874,2,8,-0.8952,0.2741,27.0732,41.4572,1,0.777,0.1357,0.0585,0.0433,0.0476,0,-5,4,-5,7,7,0.03,0.9,-0.3,0.19,0.71,-0.57,-0.17
-5,-5,68.620734,33.041065,39.892944,2,5,-1.5628,0.3311,20.3619,34.5266,1,0.2361,0.0384,0.0329,0.0385,0.0465,0,-5,0,-5,2,1,-1.13,-7,-7,-7,-7,-7,-7
-5,-5,89.352568,0,76.853644,1,8,-0.9936,0.2585,25.8806,40.4359,1,0.7094,0.1093,0.0515,0.0422,0.0474,0,-5,0,-5,3,2,-1.16,1.31,-0.58,-9,1.69,0.25,-9
-5,-5,248.208516,223.885436,186.613496,1,8,-0.2616,0.2676,36.3205,48.0348,3,0.9749,0.5488,0.1902,0.0598,0.0516,0,-5,0,-5,2,4,0,-7,-7,-7,-7,-7,-7
-5,-5,19.228643,21.473447,16.812019,2,5,-1.27,0.3161,22.9158,37.5661,1,0.4751,0.0635,0.0392,0.0399,0.0468,4,-5,0,-5,5,7,1.76,-7,-7,-7,-7,-7,-7
-5,-5,75.871891,84.440787,60.406206,2,8,0.1725,0.2511,42.4077,52.5414,4,0.9956,0.8204,0.4588,0.0954,0.0596,-8,-5,-8,-5,-8,-8,0.03,0.27,-0.61,0.29,-0.28,-2.05,-0.99
-5,-5,99.192889,106.26602,90.970388,1,5,-1.4443,0.3301,21.3215,35.7564,1,0.3243,0.0467,0.0349,0.039,0.0466,-8,-5,-8,-5,-8,-8,1.76,1.31,1.62,-0.68,1.69,1.83,-2.26
-5,-5,373.814232,0,259.307954,2,8,-0.1408,0.2378,38.1167,49.2889,3,0.9844,0.643,0.2469,0.0664,0.0532,0,-5,4,-5,2,4,-1.73,-0.3,0.1,-0.29,-0.89,-1.33,-0.17
-5,-5,0,47.188623,30.765589,2,8,0.3088,0.257,44.138,53.956,4,0.9975,0.8702,0.5698,0.1171,0.0641,0,-5,0,-5,4,5,0.6,-7,-7,-7,1.69,1.83,2.03
-5,-5,0,0,121.839693,1,6,0.7304,0.2741,49.2921,58.3329,4,0.9996,0.9564,0.8564,0.2563,0.0905,4,-5,-7,-5,3,1,1.76,-0.3,0.51,-0.18,0.71,1.53,1.32
-5,-5,28.120905,31.583962,26.294589,2,7,-0.0988,0.26,38.7228,49.7242,3,0.9868,0.6725,0.27,0.0691,0.0538,4,-5,-7,-5,4,4,-1.16,-7,-7,-7,-7,-7,-7
-5,-5,0,0,350.409417,2,5,-0.1619,0.2594,37.8081,49.0698,3,0.983,0.6275,0.236,0.0651,0.0529,-8,-5,-8,-5,-8,-8,0.63,-3.51,-0.17,0.49,0.1,-0.05,0.93
-5,-5,0,0,362.261578,1,8,-0.5236,0.2036,32.2959,45.315,2,0.933,0.3304,0.1099,0.0504,0.0493,0,-5,0,-5,4,8,0.6,1.31,0.1,-0.66,0.1,0.67,0.5
-5,-5,210.847149,233.782816,187.475759,1,8,0.0751,0.2546,41.1287,51.5297,3,0.9935,0.7755,0.384,0.0839,0.0571,0,-5,0,-5,2,2,0.6,-7,-7,-7,-0.76,-0.16,-1.44
-5,-5,0,0,107.461882,1,2,1.393,0.2689,57.1348,65.2113,5,1,0.9935,0.9891,0.7249,0.2337,-8,-5,-8,-5,-8,-8,0.6,-0.7,-0.29,0.56,-7,-7,-7
-5,-5,134.965337,0,108.488046,1,8,0.7433,0.269,49.4472,58.4669,4,0.9996,0.9579,0.8624,0.263,0.0917,0,-5,0,-5,3,9,0,1.31,-0.17,0.66,-7,-7,-7
-5,-5,467.002426,433.824101,408.930904,1,8,1.2842,0.2528,55.8662,64.0821,5,1,0.991,0.9827,0.6492,0.195,0,-5,1,-5,4,5,-0.57,-0.93,-9,0.19,-0.89,0.25,0.16
-5,-5,449.342313,408.17024,260.179798,2,8,0.1581,0.2454,42.221,52.3917,4,0.9953,0.8143,0.4474,0.0935,0.0592,0,-5,0,-5,5,3,-1.73,-0.7,-0.34,0.19,0.28,1.4,0.86
-5,-5,70.775258,78.191414,54.024983,2,6,-0.1929,0.275,37.3498,48.7476,3,0.9808,0.6039,0.2207,0.0633,0.0524,-8,-5,-8,-5,-8,-8,0,-2.13,-0.34,0.74,-3.1,-2.49,-1.42
-5,-5,252.092158,183.976967,136.824859,2,3,-0.7124,0.292,29.5074,43.3552,2,0.8722,0.2093,0.0776,0.0462,0.0483,4,-5,0,-5,5,4,-0.57,-0.3,-0.58,0.19,0.1,-0.46,0.87
-5,-5,104.715055,188.660627,153.200497,1,8,-0.3782,0.2611,34.5362,46.8243,2,0.9608,0.4498,0.1481,0.0549,0.0504,0,-5,0,-5,2,2,-1.73,-0.3,0.49,0.56,0.15,0.68,0.86
-5,-5,171.604899,191.294747,115.018609,2,8,1.1207,0.2352,53.9431,62.3847,5,0.9999,0.9855,0.966,0.5229,0.1505,0,-5,0,-5,4,6,1.76,-0.36,1.62,1.78,-0.28,1.83,-0.99
-5,-5,0,0,12.917376,2,2,-8,-8,-8,-8,-8,-8,-8,-8,-8,-8,-8,-5,-8,-5,-8,-8,-8,-8,-8,-8,-8,-8,-8
-5,-5,36.401376,31.41143,21.480546,2,2,-0.0801,0.2518,38.9906,49.9189,3,0.9877,0.6851,0.2809,0.0704,0.0541,4,-5,4,-5,4,10,0.03,0.9,-0.17,0.86,1.69,0.25,0.87
-5,-5,98.17625,0,85.656738,1,8,-0.2699,0.2737,36.1951,47.9488,3,0.9741,0.542,0.1869,0.0594,0.0515,0,-5,0,-5,2,2,0,-0.7,-0.56,-1.01,-7,-7,-7
-5,-5,388.705659,0,266.198229,2,5,-0.6794,0.2989,29.9759,43.6968,2,0.8853,0.2269,0.0821,0.0468,0.0485,-8,-5,-8,-5,-8,-8,-0.57,-0.3,-1.68,-1.49,0.84,1.12,1.64
-5,-5,41.100777,38.135139,31.775924,2,2,-0.1493,0.2612,37.9928,49.2008,3,0.9839,0.6368,0.2425,0.0658,0.053,-8,-5,-8,-5,-8,-8,-0.57,1.31,0.1,0.01,1.69,0.25,0.16
-5,-5,0,0,100.317484,2,5,0.4813,0.2197,46.2708,55.7469,4,0.9988,0.9157,0.7055,0.1578,0.072,0,-5,0,-5,1,2,1.76,-7,-7,-7,-0.33,-1.33,-0.67
-5,-5,110.342061,116.065535,72.899838,2,8,0.088,0.2518,41.3005,51.6636,3,0.9938,0.782,0.3936,0.0853,0.0574,0,-5,0,-5,2,3,0,-0.7,-0.17,0.19,-0.89,-0.48,-1
-5,-5,223.93676,234.065888,152.841608,1,8,-1.8773,0.3403,18.3089,31.2621,1,0.085,0.0238,0.0296,0.0376,0.0463,0,-5,0,-5,5,8,-1.73,-0.7,-1.41,-1.01,0.1,-0.59,-0.67
-5,-5,0,0,37.939345,1,-9,-8,-8,-8,-8,-8,-8,-8,-8,-8,-8,-8,-5,-8,-5,-8,-8,-8,-8,-8,-8,-8,-8,-8
-5,-5,0,0,141.441439,1,6,-1.0591,0.3214,25.128,39.7555,1,0.6586,0.0954,0.0478,0.0415,0.0472,-7,-5,0,-5,2,1,0.6,-0.47,-9,-9,-7,-7,-7
-5,-5,327.022371,365.217876,258.948279,2,8,1.3741,0.2225,56.9158,65.0157,5,1,0.9931,0.9882,0.7125,0.2264,0,-5,1,-5,5,8,1.76,0.9,0.94,0.56,0.1,0.25,0.16
-5,-5,219.119041,238.759222,188.807154,1,8,-0.8297,0.2462,27.9122,42.1374,2,0.8157,0.1578,0.0643,0.0442,0.0479,0,-5,0,-5,2,4,-0.6,0.27,-9,-0.18,-1.32,-0.49,0.94
-5,-5,297.836376,321.720069,212.841794,2,8,1.5439,0.2279,58.8739,66.7776,5,1,0.9959,0.9943,0.8116,0.3009,0,-5,0,-5,5,5,1.76,0.9,0.1,1.02,1.27,1.83,1.64
-5,-5,89.827542,109.89714,73.596168,1,5,-0.1031,0.2723,38.6622,49.6803,3,0.9866,0.6696,0.2676,0.0688,0.0537,0,-5,0,-5,2,2,0,0.5,0.1,0.19,-0.33,-0.16,0.16
-5,-5,0,0,11.399827,2,2,-0.1017,0.2589,38.6813,49.6942,3,0.9866,0.6705,0.2684,0.0689,0.0537,-7,-5,-7,-5,1,1,0.03,1.31,-1.14,0.86,1.27,-1.02,1.26
-5,-5,379.313097,384.081946,335.493161,2,8,0.9471,0.2387,51.885,60.5829,5,0.9998,0.9761,0.933,0.3905,0.1174,0,-5,0,-5,5,5,1.16,-0.3,1.62,0.57,0.1,0.69,0.16
-5,-5,477.230809,354.290391,360.771991,2,3,0.5914,0.268,47.6121,56.8894,4,0.9992,0.9366,0.7804,0.1945,0.0789,0,-5,0,-5,2,4,1.16,1.31,0.55,2.08,-7,-7,-7
-5,-5,0,0,30.995959,2,8,-0.0319,0.2343,39.6692,50.419,3,0.9899,0.7158,0.3105,0.0741,0.0549,1,-5,0,-5,2,9,0,0.9,0.95,-9,-7,-7,-7
-5,-5,86.880316,92.057788,73.293932,1,8,-0.729,0.3322,29.2734,43.1821,2,0.8651,0.2009,0.0755,0.0459,0.0482,-8,-5,-8,-5,-8,-8,-1.73,-0.3,-1.41,-1.01,-0.33,0.25,0.54
-5,-5,21.221654,27.159807,25.645625,2,5,1.0104,0.2512,52.6371,61.2397,5,0.9999,0.9801,0.9474,0.4372,0.1281,0,-5,0,-5,2,5,-0.57,-0.13,-0.75,-2.16,-1.93,-0.89,-0.34
-5,-5,245.963893,246.783285,125.411228,2,8,0.8667,0.241,50.9263,59.7482,5,0.9998,0.9701,0.91,0.3355,0.1059,0,-5,0,-5,4,7,0,-0.7,-0.58,-0.29,-0.33,-0.49,0.5
-5,-5,296.366287,346.891416,260.098947,2,8,-1.6077,0.3127,20.0251,34.0608,1,0.207,0.0357,0.0323,0.0383,0.0465,-8,-5,-8,-5,-8,-8,0,0.27,0.1,0.49,-0.89,0.25,-1.32
-5,-5,43.203334,25.505564,32.398203,2,8,0.3542,0.2701,44.7037,54.4271,4,0.9979,0.8839,0.6068,0.1261,0.0659,-8,-5,-8,-5,-8,-8,0.6,1.31,0.1,0.49,1.27,0.25,0.21
-5,-5,0,0,143.427186,2,8,1.324,0.2482,56.331,64.4948,5,1,0.992,0.9854,0.678,0.2083,1,-5,0,-5,5,8,-0.57,1.31,0.39,-0.71,0.71,1.22,1.32
-5,-5,188.882059,0,188.651106,1,8,-0.2581,0.2616,36.3733,48.071,3,0.9752,0.5517,0.1917,0.06,0.0517,-8,-5,-8,-5,-8,-8,-0.57,-7,-7,-7,-7,-7,-7
-5,-5,67.762078,55.053169,30.555816,2,2,-0.2025,0.2489,37.207,48.6478,3,0.9801,0.5964,0.2162,0.0628,0.0523,4,-5,0,-5,3,6,0,-1.33,-0.58,0.19,-0.52,-1.33,0.16
-5,-5,0,217.785895,194.706206,2,8,0.0479,0.2526,40.7636,51.2473,3,0.9927,0.7614,0.3644,0.0812,0.0565,4,-5,0,-5,2,3,0.6,0.27,1.62,-0.16,0.71,1.83,0.16
-5,-5,28.524069,32.407038,26.011582,1,3,0.3487,0.2845,44.636,54.3705,4,0.9979,0.8823,0.6024,0.125,0.0657,0,-5,-7,-5,3,2,1.76,-9,-9,-9,-9,-9,-9
-5,-5,1307.120582,0,950.4478,2,5,1.3201,0.2571,56.2861,64.4549,5,1,0.9919,0.9851,0.6752,0.2069,0,-5,0,-5,2,2,1.76,-7,-7,-7,-7,-7,-7
-5,-5,0,0,384.420422,2,8,0.6249,0.2585,48.0188,57.2377,4,0.9993,0.942,0.8008,0.2077,0.0814,0,-5,0,-5,4,5,0,-7,-7,-7,-7,-7,-7
-5,-5,0,45.160898,29.62025,2,5,0.0317,0.2472,40.5452,51.0798,3,0.9922,0.7527,0.353,0.0796,0.0562,0,-5,0,-5,2,5,-0.57,-1.56,-0.58,0.49,-1.64,0.25,0.5
-5,-5,0,0,16.492227,1,2,-8,-8,-8,-8,-8,-8,-8,-8,-8,-8,-8,-5,-8,-5,-8,-8,-8,-8,-8,-8,-8,-8,-8
-5,-5,165.316907,183.299856,138.13481,1,8,-0.1559,0.2733,37.8954,49.1317,3,0.9834,0.6319,0.239,0.0654,0.0529,0,-5,0,-5,5,6,-1.73,-0.3,-0.29,-1.38,-1.32,-9,-1.44
-5,-5,150.804899,134.924336,118.421657,1,6,-0.2955,0.2961,35.8056,47.6829,2,0.9714,0.5205,0.1768,0.0582,0.0512,0,-5,0,-5,2,3,-1.73,-2.37,-2.92,-1.86,-0.89,-0.16,-0.28
-5,-5,0,0,53.55493,1,3,1.4742,0.2479,58.0741,66.054,5,1,0.9949,0.9923,0.7744,0.2678,0,-5,1,-5,5,7,1.76,1.31,1.62,0.55,-0.89,1.83,0.16
-5,-5,48.449823,48.840955,48.450703,1,8,-0.4923,0.2701,32.7757,45.64,2,0.9402,0.3548,0.117,0.0512,0.0496,0,-5,-7,-5,2,2,0,-0.07,-0.29,0.57,-0.33,-0.61,0.16
-5,-5,99.789783,113.337873,107.223912,2,8,-0.2285,0.2423,36.8196,48.3786,3,0.9779,0.5758,0.2044,0.0614,0.052,-8,-5,-8,-5,-8,-8,-1.13,-7,-7,-7,-1.32,-0.46,0.56
-5,-5,0,272.658484,239.417231,1,8,0.9532,0.2588,51.9574,60.646,5,0.9998,0.9765,0.9345,0.3949,0.1184,0,-5,0,-5,4,6,1.76,0.27,1.62,0.66,0.15,1.83,0.16
-5,-5,700.734306,0,540.587899,2,8,1.0811,0.2471,53.4751,61.9738,5,0.9999,0.9837,0.9601,0.4918,0.1418,-8,-5,-8,-5,-8,-8,1.16,0.34,0.1,1.35,0.71,-1.3,-1.51
-5,-5,0,38.808579,22.80649,1,2,1.2357,0.2513,55.2974,63.5784,5,0.9999,0.9896,0.9788,0.6128,0.1803,0,-5,0,-5,4,6,0.6,0.9,0.1,1.34,-7,-7,-7
-5,-5,309.942914,287.922929,284.544223,1,8,-0.4152,0.2611,33.9645,46.44,2,0.955,0.4183,0.137,0.0536,0.0501,-8,-5,-8,-5,-8,-8,-1.73,-0.3,0.1,-1.31,0.1,0.25,-1.05
-5,-5,135.705894,0,141.068609,2,8,1.6674,0.2322,60.2705,68.0598,5,1,0.9972,0.9967,0.8657,0.3682,0,-5,1,-5,4,5,0.6,-0.13,0.95,-0.18,0.84,1.53,1.31
-5,-5,770.383512,574.531351,435.649318,1,8,1.1133,0.2586,53.855,62.3073,5,0.9999,0.9852,0.9649,0.517,0.1488,0,-5,0,-5,2,3,0.6,0.9,0.1,-0.36,0.71,1.42,0.15
-5,-5,25.621337,0,18.021874,1,8,-0.2132,0.2649,37.0478,48.5369,3,0.9792,0.588,0.2112,0.0622,0.0522,4,-5,0,-5,2,3,0.6,-7,-7,-7,0.1,-0.05,0.54
-5,-5,0,538.369689,366.615081,1,8,1.6796,0.2654,60.4063,68.1863,5,1,0.9973,0.9969,0.8703,0.3754,0,-5,0,-5,4,9,0.6,0.9,1.34,1.72,0.28,1.53,0.09
-5,-5,575.107223,535.66905,341.064351,2,8,0.9357,0.2483,51.7484,60.4638,5,0.9998,0.9753,0.9301,0.3823,0.1156,0,-5,0,-5,4,13,1.16,1.31,0.1,0.93,0.66,-0.05,0.16
-5,-5,136.303294,95.883931,57.996281,2,3,0.0966,0.2614,41.4146,51.7529,3,0.994,0.7862,0.4,0.0862,0.0576,-8,-5,-8,-5,-8,-8,1.76,1.31,-0.83,-0.66,1.69,1.1,0.93
-5,-5,138.657708,136.189336,100.690332,1,8,0.4676,0.2759,46.103,55.6047,4,0.9987,0.9126,0.6954,0.1539,0.0713,0,-5,0,-5,2,2,-0.57,1.31,0.1,-0.26,0.71,-0.05,-0.95
-5,-5,33.868135,0,30.749732,2,5,0.2414,0.2427,43.2884,53.2558,4,0.9967,0.8473,0.5145,0.1054,0.0617,4,-5,-7,-5,2,3,0.6,0.34,0.1,-0.27,-0.33,-0.46,-0.35
-5,-5,214.380521,234.559783,194.162344,2,6,-1.8554,0.3353,18.4288,31.4887,1,0.0918,0.0245,0.0298,0.0376,0.0463,-8,-5,-8,-5,-8,-8,-1.73,-0.3,-2.92,-1.01,-7,-7,-7
-5,-5,184.363775,0,123.240933,2,6,0.4981,0.2657,46.4758,55.9209,4,0.9989,0.9192,0.7177,0.1628,0.073,0,-5,0,-5,2,4,0.6,-1.33,0.94,-0.84,0.1,1.53,-0.6
-5,-5,97.546811,0,77.014579,1,8,-0.2023,0.2668,37.2112,48.6507,3,0.9801,0.5966,0.2163,0.0628,0.0523,0,-5,-7,-5,2,1,1.16,1.31,0.38,0.93,-1.37,-2.91,-1.81
-5,-5,256.285034,264.4608,182.735814,2,8,0.6765,0.288,48.6424,57.7732,4,0.9995,0.9495,0.8296,0.2301,0.0856,-8,-5,-8,-5,-8,-8,0.6,1.31,1.62,-1.56,1.69,1.83,1.38
-5,-5,48.580024,20.277186,30.035583,1,8,-0.233,0.2738,36.7514,48.3315,3,0.9776,0.5722,0.2024,0.0612,0.0519,0,-5,0,-5,2,5,0,0.9,0.1,0.98,-1.08,-0.05,0.99
-5,-5,0,0,32.805135,1,-9,-8,-8,-8,-8,-8,-8,-8,-8,-8,-8,-8,-5,-8,-5,-8,-8,-8,-8,-8,-8,-8,-8,-8
-5,-5,0,0,117.962066,2,-9,-8,-8,-8,-8,-8,-8,-8,-8,-8,-8,-8,-5,-8,-5,-8,-8,-8,-8,-8,-8,-8,-8,-8
-5,-5,0,0,111.656606,2,8,1.3223,0.2278,56.311,64.4771,5,1,0.992,0.9853,0.6767,0.2077,4,-5,4,-5,7,13,0.6,-1.96,1.62,-1.25,0.1,1.83,-0.58
-5,-5,11.700039,0,11.406607,1,2,0.2205,0.2369,43.0236,53.0397,4,0.9964,0.8396,0.4975,0.1022,0.061,0,-5,0,-5,4,5,-0.57,-0.3,0.1,-0.29,-7,-7,-7
-5,-5,872.954974,995.419826,696.012824,1,3,-0.7805,0.2341,28.5656,42.6474,2,0.8413,0.1774,0.0694,0.045,0.048,-8,-5,-8,-5,-8,-8,0.6,1.31,1.62,1.34,0.71,-0.89,-2.22
-5,-5,195.709472,222.052269,0,1,8,-0.4561,0.2938,33.3324,46.0152,2,0.9476,0.384,0.1259,0.0523,0.0498,-8,-5,-8,-5,-8,-8,-0.57,0.27,-1.68,-0.71,1.69,1.83,1.25
-5,-5,71.864292,124.950554,95.5477,2,8,-0.9114,0.2125,26.8711,41.2888,1,0.7666,0.1308,0.0573,0.0431,0.0476,-8,-5,-8,-5,-8,-8,0.6,1.31,1.62,1.69,1.69,1.83,1.7
-5,-5,414.880571,385.405259,342.901828,1,8,-0.2819,0.2619,36.0116,47.8234,2,0.9728,0.5319,0.1821,0.0588,0.0514,4,-5,0,-5,3,4,-0.57,-0.3,-1.02,-0.59,-0.89,-0.46,-1.05
-5,-5,0,0,73.721615,2,3,-1.1413,0.2515,24.2285,38.902,1,0.5896,0.0809,0.0439,0.0408,0.047,-8,-5,-8,-5,-8,-8,-0.57,-0.3,-0.29,-1.01,0.1,-0.48,-0.67
-5,-5,411.929704,367.649247,207.277618,1,2,0.8144,0.2457,50.3004,59.205,5,0.9997,0.9654,0.8918,0.3029,0.0994,-8,-5,-8,-5,-8,-8,0,-0.59,-0.29,0.47,-0.42,-0.17,0.99
-5,-5,0,0,370.948958,1,-9,-8,-8,-8,-8,-8,-8,-8,-8,-8,-8,-8,-5,-8,-5,-8,-8,-8,-8,-8,-8,-8,-8,-8
-5,-5,0,468.917597,330.111183,2,6,1.1075,0.229,53.7869,62.2474,5,0.9999,0.9849,0.9641,0.5125,0.1475,4,-5,4,-5,4,9,-1.73,0.27,-0.56,0.49,-0.28,-1.2,-0.17
-5,-5,43.654243,48.232086,37.124951,2,8,0.2077,0.227,42.8601,52.9068,4,0.9962,0.8347,0.4871,0.1003,0.0606,4,-5,4,-5,4,6,0.6,-0.3,0.1,0.93,0.1,0.25,0.16
-5,-5,0,0,336.264846,2,5,0.5081,0.2375,46.599,56.0255,4,0.9989,0.9213,0.7248,0.1659,0.0735,0,-5,0,-5,4,11,0.03,-1.33,-0.3,-0.2,-1.45,-0.48,-0.17
-5,-5,0,0,57.016282,2,8,-8,-8,-8,-8,-8,-8,-8,-8,-8,-8,-8,-5,-8,-5,-8,-8,-8,-8,-8,-8,-8,-8,-8
-5,-5,30.86769,60.738299,40.500312,1,6,-0.1235,0.225,38.3672,49.4679,3,0.9854,0.6553,0.2562,0.0674,0.0534,0,-5,0,-5,4,3,1.19,1.31,1.62,0.96,0.71,-9,0.99
-5,-5,0,0,188.002757,1,2,0.8545,0.2624,50.7797,59.6209,5,0.9997,0.969,0.906,0.3277,0.1043,0,-5,0,-5,4,2,1.76,0.67,1.62,0.57,0.1,0.69,1.38
-5,-5,0,129.602758,112.703536,1,8,-0.363,0.2333,34.7697,46.9816,2,0.963,0.4628,0.153,0.0555,0.0506,0,-5,0,-5,2,4,1.16,0.34,1.62,1.02,1.69,1.42,1.7
-5,-5,0,0,169.59292,2,8,-0.0595,0.2456,39.2821,50.1325,3,0.9887,0.6985,0.2933,0.0719,0.0544,0,-5,0,-5,4,13,0.6,0.5,0.95,1.34,0.84,0.25,0.16
-5,-5,0,418.651188,235.954321,1,8,1.3973,0.2194,57.1843,65.2555,5,1,0.9936,0.9893,0.7276,0.2353,1,-5,-7,-5,4,4,-1.13,-0.13,0.1,0.96,0.84,1.83,0.02
-5,-5,284.069906,0,342.248671,2,8,-0.1982,0.261,37.2709,48.6924,3,0.9804,0.5997,0.2182,0.063,0.0524,0,-5,0,-5,2,4,-1.73,-1.5,-2.92,-2.11,-3.1,-2.91,-2.59
-5,-5,0,0,321.730903,1,8,-1.7892,0.3898,18.8126,32.1762,1,0.1154,0.027,0.0303,0.0378,0.0464,0,-5,-7,-5,2,2,0.6,-0.3,0.95,-9,-7,-7,-7
-5,-5,0,0,0,1,-9,-8,-8,-8,-8,-8,-8,-8,-8,-8,-8,-8,-5,-8,-5,-8,-8,-8,-8,-8,-8,-8,-8,-8
-5,-5,95.751662,103.437213,92.123247,2,8,-0.9606,0.3073,26.271,40.7777,1,0.7332,0.1174,0.0537,0.0426,0.0475,0,-5,0,-5,3,3,-1.73,-0.7,-2.09,-1.11,0.1,-0.77,0.16
-5,-5,26.253404,0,15.45064,1,5,-1.9424,0.4592,17.9699,30.5861,1,0.0674,0.0217,0.0292,0.0374,0.0463,0,-5,-7,-5,1,1,-9,-7,-7,-7,-1.37,-0.44,-0.58
-5,-5,335.968476,0,185.891826,2,8,-0.1649,0.2549,37.7637,49.0384,3,0.9828,0.6252,0.2345,0.0649,0.0528,-8,-5,-8,-5,-8,-8,-0.57,0.27,-0.34,1.34,-7,-7,-7
-5,-5,0,299.296512,189.452451,1,6,0.1471,0.2479,42.0786,52.2779,4,0.9951,0.8096,0.4388,0.0921,0.0589,0,-5,0,-5,2,2,0,-0.3,0.1,1.34,0.71,0.25,0.54
-5,-5,125.059068,225.313564,173.20724,1,8,0.0154,0.2606,40.3219,50.9097,3,0.9917,0.7436,0.3417,0.0781,0.0558,4,-5,0,-5,4,5,0.6,-0.13,1.34,0.19,1.27,1.83,2.03
-5,-5,218.502192,0,198.305662,2,8,-1.4443,0.2779,21.3217,35.7567,1,0.3243,0.0467,0.0349,0.039,0.0466,-8,-5,-8,-5,-8,-8,0,-0.3,-0.17,1.72,0.1,-0.05,1.25
-5,-5,1285.645148,1169.739282,526.025601,2,6,-0.1721,0.2557,37.6584,48.9642,3,0.9823,0.6198,0.2309,0.0645,0.0527,0,-5,0,-5,2,4,0,-0.13,0.55,0.49,-0.89,0.25,-0.3
-5,-5,18.859023,29.376007,27.255098,2,8,-0.8042,0.223,28.2486,42.4021,2,0.8293,0.1676,0.0669,0.0446,0.0479,0,-5,-7,-5,3,2,0.6,-0.3,0.1,1.34,-1.64,0.25,0.93
-5,-5,217.337692,226.322752,0,2,8,-0.2913,0.2461,35.87,47.7268,2,0.9719,0.5241,0.1784,0.0584,0.0513,0,-5,0,-5,4,4,0.03,1.31,1.62,0.49,1.69,0.25,0.54
-5,-5,0,0,127.635251,1,-9,-8,-8,-8,-8,-8,-8,-8,-8,-8,-8,-8,-5,-8,-5,-8,-8,-8,-8,-8,-8,-8,-8,-8
-5,-5,189.093093,210.288857,146.086506,1,8,0.0196,0.2436,40.3799,50.9537,3,0.9918,0.746,0.3446,0.0785,0.0559,4,-5,1,-5,4,11,0.6,1.31,0.1,2.08,-0.89,-1.33,-1.77
-5,-5,622.300318,0,415.686976,1,6,-0.1727,0.2431,37.6493,48.9578,3,0.9823,0.6194,0.2306,0.0644,0.0527,-8,-5,-8,-5,-8,-8,-0.57,-0.3,-0.58,-1.01,0.23,-0.46,-0.67
-5,-5,826.725526,810.237893,468.847562,2,5,-0.5067,0.28,32.5539,45.49,2,0.937,0.3434,0.1137,0.0508,0.0495,-8,-5,-8,-5,-8,-8,0.6,0.27,-1.41,-1.98,1.27,0.25,1.7
-5,-5,0,623.765718,448.876427,2,8,-0.0563,0.2896,39.3273,50.1657,3,0.9889,0.7006,0.2952,0.0722,0.0545,0,-5,0,-5,4,3,0.03,-0.3,-0.58,0.19,-0.52,-0.05,-0.23
-5,-5,136.582953,135.020515,96.286935,1,8,0.4403,0.2517,45.7676,55.321,4,0.9986,0.9064,0.6748,0.1464,0.0698,0,-5,0,-5,5,7,-0.57,-0.7,-0.17,0.19,-0.33,-0.05,-1
-5,-5,129.712229,94.318303,79.430582,1,3,-1.5005,0.291,20.8539,35.1735,1,0.2806,0.0425,0.0339,0.0387,0.0466,0,-5,0,-5,2,3,0.6,1.31,0.1,-0.13,-9,-9,-9
-5,-5,546.607232,0,346.837314,2,8,-1.1364,0.2346,24.281,38.9531,1,0.5938,0.0817,0.0441,0.0409,0.0471,0,-5,-7,-5,4,3,-1.73,-0.3,-0.85,-1.86,-0.04,0.37,0.54
-5,-5,241.702003,194.528416,160.495563,2,6,-0.1251,0.2312,38.3445,49.4516,3,0.9853,0.6542,0.2554,0.0673,0.0534,0,-5,0,-5,5,3,1.19,-9,0.1,1.23,1.69,-0.59,-0.56
-5,-5,693.359833,539.535688,426.782677,2,3,0.0534,0.2345,40.8375,51.3042,3,0.9929,0.7643,0.3683,0.0817,0.0566,0,-5,0,-5,3,3,0.6,-0.3,0.1,0.19,0.1,0.25,0.16
-5,-5,0,346.853091,314.229919,1,3,-0.7672,0.2742,28.7467,42.7859,2,0.8477,0.1831,0.0709,0.0452,0.0481,-8,-5,-8,-5,-8,-8,1.76,-7,-7,-7,-7,-7,-7
-5,-5,468.279937,621.230989,354.1945,1,8,0.3232,0.2476,44.318,54.1055,4,0.9976,0.8747,0.5816,0.1198,0.0646,0,-5,0,-5,4,13,0.6,-0.3,0.1,0.19,-0.89,0.25,-0.23
-5,-5,300.465834,301.512473,313.456877,1,8,0.9896,0.2476,52.3901,61.0238,5,0.9999,0.9788,0.943,0.4215,0.1244,1,-5,0,-5,4,4,0,-0.3,-0.29,-0.29,0.1,-0.18,-0.61
-5,-5,0,322.271412,219.712401,2,3,-1.3007,0.2853,22.6195,37.2473,1,0.4475,0.06,0.0383,0.0397,0.0468,-8,-5,-8,-5,-8,-8,-1.13,0.9,-0.17,-9,0.84,0.69,-9
-5,-5,217.856467,208.443078,104.249835,1,7,-0.0918,0.253,38.8238,49.7974,3,0.9872,0.6773,0.2741,0.0696,0.0539,0,-5,0,-5,2,1,0,1.31,-0.17,0.86,1.27,0.69,0.15
-5,-5,0,72.747875,47.43672,2,8,0.1205,0.2608,41.7305,52.0015,3,0.9946,0.7975,0.4182,0.0889,0.0582,4,-5,0,-5,4,6,0.03,-0.3,-0.17,0.66,0.1,-0.48,0.09
-5,-5,248.635259,224.27036,171.084196,1,8,-0.0314,0.2594,39.6762,50.4242,3,0.9899,0.7161,0.3108,0.0741,0.0549,0,-5,0,-5,4,11,0.03,-7,-7,-7,0.1,0.25,0.16
-5,-5,145.587148,128.273496,81.384298,2,8,0.7998,0.2382,50.1258,59.0537,5,0.9997,0.9639,0.8862,0.2943,0.0977,0,-5,0,-5,5,6,0.6,0.27,0.51,-0.18,1.13,0.67,-0.23
-5,-5,155.685995,137.171358,85.12368,2,8,1.0346,0.2378,52.9245,61.4912,5,0.9999,0.9814,0.9521,0.4557,0.1325,4,-5,-7,-5,7,9,-1.73,-0.3,-1.41,-1.31,0.28,0.97,0.49
-5,-5,332.819384,0,250.788006,1,5,-1.2104,0.3104,23.5092,38.1845,1,0.5286,0.0709,0.0412,0.0403,0.0469,-8,-5,-8,-5,-8,-8,-1.73,-7,-7,-7,0.1,-1.2,-0.67
-5,-5,144.779752,169.462099,132.530354,2,8,-0.6317,0.2534,30.6708,44.1926,2,0.9023,0.2551,0.0895,0.0478,0.0487,0,-5,0,-5,4,6,1.76,1.31,1.62,2.08,-1.03,-0.9,-2.59
-5,-5,0,0,822.907566,2,3,-8,-8,-8,-8,-8,-8,-8,-8,-8,-8,0,-5,-7,-5,2,2,-8,-8,-8,-8,-8,-8,-8
-5,-5,0,0,0,2,8,-0.5689,0.3028,31.607,44.8443,2,0.9214,0.297,0.1006,0.0492,0.0491,0,-5,0,-5,3,2,-0.57,-0.3,-0.75,0.19,-7,-7,-7
-5,-5,72.175563,0,41.017262,2,3,-0.7639,0.2901,28.7919,42.8203,2,0.8493,0.1846,0.0713,0.0453,0.0481,-8,-5,-8,-5,-8,-8,0.03,-7,-7,-7,-7,-7,-7
-5,-5,0,0,0,2,8,0.933,0.2309,51.7168,60.4363,5,0.9998,0.9752,0.9294,0.3804,0.1152,5,-5,-7,-5,4,5,0,0.27,1.17,0.55,-7,-7,-7
-5,-5,0,0,219.46696,1,-9,-8,-8,-8,-8,-8,-8,-8,-8,-8,-8,-8,-5,-8,-5,-8,-8,-8,-8,-8,-8,-8,-8,-8
-5,-5,155.46025,185.910237,134.217841,2,8,1.9236,0.232,63.0217,70.7198,5,1,0.9987,0.999,0.937,0.5353,0,-5,-7,-5,4,2,1.76,0.5,1.62,1.69,-0.33,1.83,0.54
-5,-5,198.154596,219.408025,166.692843,1,8,-0.5149,0.2753,32.4289,45.4053,2,0.9351,0.3371,0.1118,0.0506,0.0494,4,-5,-7,-5,1,1,0.6,0.27,-0.58,0.86,-0.89,-0.49,0.16
-5,-5,153.633451,160.582614,102.47029,1,6,0.1878,0.2582,42.6043,52.6997,4,0.9959,0.8267,0.471,0.0975,0.06,0,-5,0,-5,2,4,-0.57,-7,-7,-7,-7,-7,-7
-5,-5,0,0,107.01318,2,-9,-8,-8,-8,-8,-8,-8,-8,-8,-8,-8,-8,-5,-8,-5,-8,-8,-8,-8,-8,-8,-8,-8,-8
-5,-5,261.043025,289.438931,199.703422,1,8,0.7522,0.2902,49.5545,58.5595,4,0.9996,0.9589,0.8663,0.2677,0.0926,0,-5,0,-5,2,3,-1.73,0.9,0.1,0.68,0.41,0.25,0.54
-5,-5,358.273674,375.899711,283.354718,2,8,0.4798,0.2387,46.253,55.7317,4,0.9988,0.9153,0.7044,0.1574,0.0719,0,-5,0,-5,3,4,-0.57,-0.3,0.1,0.49,0.1,-0.46,-0.23
-5,-5,38.206143,39.871781,34.531736,1,2,1.5834,0.2284,59.3242,67.188,5,1,0.9963,0.9952,0.8306,0.3213,1,-5,-7,-5,5,6,1.76,0.9,1.62,0.73,0.15,1.09,-0.16
-5,-5,112.690865,118.536172,54.147623,2,8,0.7958,0.238,50.0774,59.0118,5,0.9997,0.9635,0.8846,0.292,0.0973,4,-5,4,-5,4,6,0.6,0.27,1.62,0.96,-1.5,0.25,-2.22
-5,-5,0,0,38.118156,1,8,-0.4899,0.3018,32.8114,45.6641,2,0.9407,0.3566,0.1176,0.0513,0.0496,0,-5,0,-5,2,3,0.03,-7,-7,-7,0.71,-0.49,-0.99
-5,-5,13.542878,12.880725,13.11248,1,2,1.9912,0.2304,63.6976,71.4218,5,1,0.9989,0.9992,0.9488,0.5824,4,-5,0,-5,4,5,0.6,-0.3,0.1,0.55,0.1,0.25,0.16
-5,-5,397.709712,453.171005,341.100587,2,8,-1.3921,0.2874,21.7762,36.2981,1,0.3675,0.0511,0.036,0.0392,0.0467,0,-5,-7,-5,2,2,-1.73,-2.37,-2.09,-1.01,-1.88,-2.47,-0.67
-5,-5,53.544256,52.066762,38.843378,1,8,-0.1664,0.2723,37.7409,49.0224,3,0.9827,0.6241,0.2337,0.0648,0.0528,0,-5,-7,-5,2,2,0.6,-0.7,1.62,1.42,0.84,-0.05,-0.67
-5,-5,0,0,934.787586,1,4,-8,-8,-8,-8,-8,-8,-8,-8,-8,-8,-8,-5,-8,-5,-8,-8,-8,-8,-8,-8,-8,-8,-8
-5,-5,59.143138,77.442886,72.743582,2,8,-0.2814,0.1885,36.0193,47.8286,2,0.9729,0.5323,0.1822,0.0589,0.0514,0,-5,-7,-5,3,4,0.6,0.9,0.1,1.72,0.1,-0.9,0.21
-5,-5,0,0,37.951471,2,8,0.7095,0.2767,49.0407,58.1161,4,0.9995,0.9538,0.8464,0.2458,0.0885,0,-5,0,-5,4,8,0.03,1.31,-0.3,-0.24,1.69,-0.14,0.15
-5,-5,0,0,265.64762,2,8,1.2784,0.2183,55.7978,64.0214,5,1,0.9909,0.9823,0.6449,0.1932,4,-5,1,-5,7,8,1.16,-0.3,0.1,0.55,-0.89,0.67,0.16
-5,-5,117.003962,0,0,2,3,-0.0112,0.2607,39.9574,50.6344,3,0.9907,0.7283,0.3239,0.0758,0.0553,-8,-5,-8,-5,-8,-8,0.03,0.9,0.95,1.22,-1.08,-0.89,-0.23
-5,-5,83.810909,98.290089,79.351069,2,8,0.269,0.2672,43.6384,53.5431,4,0.9971,0.8571,0.5372,0.11,0.0626,0,-5,0,-5,7,10,0.6,-0.3,0.94,0.19,-0.89,0.69,-1
-5,-5,888.892878,1063.000256,0,2,3,-1.402,0.2787,21.6891,36.1961,1,0.3592,0.0502,0.0358,0.0392,0.0467,-8,-5,-8,-5,-8,-8,-0.57,1.31,0.95,0.49,1.27,1.83,-0.23
-5,-5,107.586188,112.131933,69.172945,2,8,-0.6515,0.2004,30.38,43.9866,2,0.8955,0.243,0.0863,0.0473,0.0486,5,-5,0,-5,5,13,-1.73,-0.7,-1.29,0.49,-0.89,-1.63,0.56
-5,-5,0,0,23.838099,2,2,1.2744,0.2271,55.7517,63.9806,5,1,0.9908,0.982,0.642,0.1919,4,-5,4,-5,7,5,0.03,-0.7,0.1,0.19,0.1,0.28,-2.26
-5,-5,34.334193,30.575792,18.689668,2,2,1.7919,0.2229,61.6388,69.3524,5,1,0.9981,0.9981,0.9064,0.4458,-8,-5,-8,-5,-8,-8,1.76,1.31,1.62,0.82,-0.47,0.25,0.16
-5,-5,730.822294,0,439.400404,2,3,1.7814,0.2334,61.5257,69.2437,5,1,0.998,0.998,0.9034,0.439,-8,-5,-8,-5,-8,-8,0.6,-0.53,0.55,-1.01,0.84,1.83,2.03
-5,-5,46.628959,0,0,1,5,1.2535,0.219,55.5064,63.7633,5,1,0.9902,0.9803,0.6263,0.1855,0,-5,0,-5,4,8,0.6,-0.13,-0.17,0.55,0.1,-0.05,0.86
-5,-5,210.395257,246.263869,196.026513,2,8,-0.2145,0.2566,37.0283,48.5234,3,0.9791,0.587,0.2107,0.0621,0.0522,-8,-5,-8,-5,-8,-8,0.6,-1.33,-0.17,-1.26,-1.5,0.25,0.16
-5,-5,0,0,225.05241,2,8,-0.4255,0.2562,33.8048,46.3327,2,0.9532,0.4096,0.1341,0.0533,0.0501,0,-5,0,-5,3,3,-1.73,-1.9,-0.58,0.19,-1.08,-1.63,0.16
-5,-5,175.126833,183.048187,142.290468,1,8,-0.9488,0.2434,26.4136,40.9006,1,0.7415,0.1204,0.0545,0.0427,0.0475,-8,-5,-8,-5,-8,-8,1.76,1.31,1.62,1.72,0.1,0.25,0.16
-5,-5,0,0,91.470725,1,8,-0.3614,0.3142,34.7946,46.9984,2,0.9632,0.4642,0.1535,0.0556,0.0506,-8,-5,-8,-5,-8,-8,0,-9,-0.61,-0.73,-7,-7,-7
-5,-5,385.832858,243.330553,218.991837,2,8,-0.3099,0.2457,35.586,47.5336,2,0.9698,0.5083,0.1714,0.0576,0.0511,0,-5,-7,-5,2,3,-1.73,-7,-7,-7,-7,-7,-7
-5,-5,0,0,102.920508,1,4,-8,-8,-8,-8,-8,-8,-8,-8,-8,-8,-8,-5,-8,-5,-8,-8,-8,-8,-8,-8,-8,-8,-8
-5,-5,0,0,81.353974,2,5,-0.4919,0.2558,32.7821,45.6443,2,0.9403,0.3551,0.1171,0.0512,0.0496,0,-5,0,-5,2,2,-1.73,-1.96,-1.24,0.56,-7,-7,-7
-5,-5,69.19336,74.12732,59.244959,1,5,-0.8756,0.2856,27.3197,41.6602,1,0.7891,0.1419,0.0602,0.0436,0.0477,0,-5,0,-5,4,2,-0.03,-0.3,-0.22,-1.75,-0.47,-0.49,-1.37
-5,-5,25.818531,0,27.229126,1,6,-0.309,0.3039,35.599,47.5424,2,0.9699,0.509,0.1717,0.0577,0.0511,0,-5,0,-5,4,1,0.6,0.04,0.1,0.5,-1.88,0.25,-0.23
-5,-5,104.36436,144.537086,121.704587,2,6,-0.5318,0.2789,32.1708,45.23,2,0.9311,0.3242,0.1082,0.0501,0.0493,-8,-5,-8,-5,-8,-8,0,-9,1.34,0.12,-0.28,0.68,0.59
-5,-5,26.253404,0,15.402819,1,8,-2.0941,0.3613,17.2831,29.0109,1,0.0389,0.0176,0.0284,0.0372,0.0463,0,-5,-7,-5,2,2,1.16,-0.53,-0.98,-9,0.1,-0.49,0.16
-5,-5,155.082942,173.924044,118.538251,2,8,-1.1026,0.2335,24.6458,39.3036,1,0.6227,0.0873,0.0456,0.0412,0.0471,-7,-5,0,-5,2,3,0.03,-0.7,0.1,-0.18,-7,-7,-7
-5,-5,337.887366,366.219358,227.1578,1,8,0.1106,0.2473,41.5994,51.8981,3,0.9943,0.7929,0.4106,0.0878,0.058,-8,-5,-8,-5,-8,-8,0,0.27,-0.44,0.87,0.1,-0.05,-0.3
-5,-5,0,0,56.263147,2,-9,-8,-8,-8,-8,-8,-8,-8,-8,-8,-8,-8,-5,-8,-5,-8,-8,-8,-8,-8,-8,-8,-8,-8
-5,-5,68.624833,0,58.718385,2,8,1.0586,0.2258,53.2087,61.7401,5,0.9999,0.9826,0.9564,0.4742,0.1372,4,-5,0,-5,2,5,0.6,-0.7,0.1,0.55,-0.33,1.83,0.16
-5,-5,47.834331,35.164654,25.402512,1,2,0.2238,0.2677,43.0658,53.074,4,0.9964,0.8408,0.5002,0.1027,0.0611,0,-5,0,-5,4,2,-0.57,0.5,0.1,0.19,1.27,0.25,0.61
-5,-5,0,361.032868,277.341868,2,8,0.6174,0.259,47.9274,57.1593,4,0.9993,0.9409,0.7963,0.2047,0.0808,0,-5,0,-5,3,3,0.6,0.34,1.62,1.72,-0.89,0.25,-0.67
-5,-5,507.103016,573.096153,474.26344,2,8,1.0629,0.2422,53.2595,61.7847,5,0.9999,0.9829,0.9571,0.4775,0.1381,0,-5,4,-5,2,4,-1.13,0.9,-0.17,0.19,0.28,1.83,0.61
-5,-5,49.912441,65.558424,32.986789,2,5,1.2524,0.2339,55.4931,63.7515,5,1,0.9901,0.9802,0.6254,0.1852,0,-5,1,-5,5,8,-0.57,-3.51,0.1,-0.44,0.71,-0.17,1.34
-5,-5,0,0,15.59994,2,5,-0.0303,0.2568,39.6924,50.4362,3,0.99,0.7168,0.3116,0.0742,0.055,0,-5,0,-5,1,2,1.16,-7,-7,-7,-7,-7,-7
-5,-5,56.681248,0,33.157081,2,6,-0.5845,0.2495,31.3722,44.6823,2,0.917,0.2861,0.0977,0.0488,0.049,4,-5,-7,-5,3,4,-1.13,-0.13,-0.61,0.01,-7,-7,-7
-5,-5,230.629118,0,196.559009,1,8,-0.402,0.2036,34.1687,46.5772,2,0.9571,0.4295,0.1409,0.0541,0.0502,0,-5,-7,-5,2,1,-1.73,-0.3,0.1,-0.54,-0.89,0.25,0.52
-5,-5,291.708498,317.855051,239.450476,1,8,1.0156,0.2308,52.699,61.2938,5,0.9999,0.9804,0.9484,0.4411,0.129,-8,-5,-8,-5,-8,-8,0.6,-0.13,0.1,0.12,-7,-7,-7
-5,-5,42.74567,0,24.618308,2,5,-0.2179,0.2593,36.9774,48.488,3,0.9788,0.5843,0.2091,0.062,0.0521,-8,-5,-8,-5,-8,-8,-1.73,1.31,0.1,-1.16,-1.88,-2.91,-2.59
-5,-5,29.132941,29.672689,28.329026,1,8,-0.2812,0.2478,36.0237,47.8316,2,0.9729,0.5325,0.1824,0.0589,0.0514,0,-5,0,-5,5,2,0.03,-7,-7,-7,-7,-7,-7
-5,-5,95.616754,78.136864,63.619187,2,3,0.3134,0.2627,44.1959,54.0041,4,0.9975,0.8717,0.5736,0.1179,0.0642,-8,-5,-8,-5,-8,-8,-0.57,-0.3,-0.58,-1.01,1.69,1.42,0.54
-5,-5,321.522386,350.341232,250.269562,1,8,-0.9888,0.244,25.9368,40.4855,1,0.7129,0.1105,0.0518,0.0423,0.0474,0,-5,0,-5,1,2,1.16,1.31,0.1,0.19,0.1,-0.05,-0.6
-5,-5,1289.296994,1096.410575,689.858213,2,3,-0.2734,0.2511,36.1407,47.9116,3,0.9737,0.539,0.1854,0.0592,0.0515,0,-5,0,-5,4,2,0.03,-0.3,-0.17,-0.36,-0.52,-0.05,-0.28
-5,-5,396.731832,0,188.619557,1,2,0.8509,0.2309,50.7366,59.5834,5,0.9997,0.9687,0.9048,0.3254,0.1038,0,-5,-7,-5,3,3,1.76,1.31,1.62,1.34,0.1,0.25,0.16
-5,-5,59.412378,65.78476,47.712238,1,8,0.0422,0.2555,40.6867,51.1882,3,0.9925,0.7584,0.3604,0.0806,0.0564,1,-5,4,-5,4,5,1.76,0.9,0.46,1.33,-7,-7,-7
-5,-5,0,0,0,1,5,-0.2527,0.2728,36.4545,48.1268,3,0.9758,0.5561,0.1939,0.0602,0.0517,-8,-5,-8,-5,-8,-8,-1.73,-0.3,-0.58,-1.86,-7,-7,-7
-5,-5,119.688035,126.820624,87.050533,1,8,-0.229,0.2548,36.8121,48.3735,3,0.9779,0.5754,0.2042,0.0614,0.052,-8,-5,-8,-5,-8,-8,-0.57,0.27,-0.17,-0.34,0.1,0.25,0.87
-5,-5,172.098511,181.764816,138.518421,2,8,-0.0794,0.282,38.9998,49.9256,3,0.9878,0.6855,0.2813,0.0705,0.0541,-8,-5,-8,-5,-8,-8,0.03,-0.3,0.1,-0.66,0.1,-0.05,-0.3
-5,-5,0,0,833.839413,1,3,-8,-8,-8,-8,-8,-8,-8,-8,-8,-8,-8,-5,-8,-5,-8,-8,-8,-8,-8,-8,-8,-8,-8
-5,-5,36.422412,36.331629,20.774995,1,5,-0.8204,0.2673,28.0334,42.2333,2,0.8207,0.1613,0.0652,0.0444,0.0479,0,-5,-7,-5,2,3,1.19,-1.33,0.1,1.39,-1.45,-0.46,-1.38
-5,-5,424.694729,353.629677,236.957744,2,6,-0.088,0.2838,38.8781,49.8369,3,0.9874,0.6798,0.2763,0.0698,0.054,0,-5,0,-5,3,7,1.76,1.31,1.21,1.69,1.13,1.1,1.7
-5,-5,0,0,53.021437,2,5,0.8002,0.2383,50.1295,59.0569,5,0.9997,0.964,0.8863,0.2945,0.0978,0,-5,0,-5,4,6,0.6,-0.7,-0.17,-0.29,-7,-7,-7
-5,-5,0,0,165.937935,2,8,0.0562,0.2362,40.8756,51.3336,3,0.9929,0.7658,0.3703,0.082,0.0567,0,-5,0,-5,4,4,0.6,0.9,0.94,0.19,1.27,0.25,0.5
-5,-5,352.773838,0,196.1011,1,8,0.6544,0.257,48.3755,57.5438,4,0.9994,0.9464,0.8176,0.2202,0.0837,0,-5,0,-5,4,6,-1.16,1.31,-0.56,0.49,-0.33,1.12,0.15
-5,-5,68.913907,73.020705,54.944796,1,8,0.6689,0.2632,48.5502,57.6939,4,0.9994,0.9485,0.8255,0.2266,0.0849,0,-5,0,-5,4,13,1.76,0.9,1.62,1.23,-0.33,1.83,0.61
-5,-5,226.989421,212.715647,122.15968,2,3,0.1759,0.2445,42.4517,52.5768,4,0.9957,0.8219,0.4615,0.0959,0.0597,0,-5,-7,-5,3,3,0.6,0.9,0.1,0.19,0.71,0.69,0.93
-5,-5,0,291.031067,253.028698,2,2,0.2871,0.2295,43.8654,53.7304,4,0.9973,0.8632,0.552,0.1131,0.0633,0,-5,0,-5,3,3,0.03,-1.74,-9,-0.09,-0.33,0.25,0.82
-5,-5,85.741201,94.159674,78.922472,2,8,0.3586,0.2375,44.7589,54.4732,4,0.998,0.8851,0.6104,0.1271,0.0661,0,-5,1,-5,4,6,0.6,1.31,0.94,0.14,0.71,1.12,0.54
-5,-5,61.555921,80.602218,71.030552,2,8,-0.1083,0.2551,38.5872,49.6262,3,0.9863,0.666,0.2647,0.0685,0.0536,-8,-5,-8,-5,-8,-8,0.03,-7,-7,-7,0.1,-0.46,-0.67
-5,-5,300.379401,335.463065,292.626714,2,8,-0.7484,0.2266,29.0051,42.9815,2,0.8565,0.1917,0.0731,0.0455,0.0482,-8,-5,-8,-5,-8,-8,-0.57,-0.3,0.1,0.49,0.71,0.25,0.87
-5,-5,56.838859,63.886084,47.074219,2,8,-1.3981,0.2619,21.7236,36.2366,1,0.3625,0.0506,0.0359,0.0392,0.0467,0,-5,0,-5,2,2,0.03,1.31,-9,-9,1.69,0.28,-9
-5,-5,197.782609,236.420625,196.811842,1,3,0.2479,0.2533,43.3709,53.3234,4,0.9968,0.8497,0.5198,0.1065,0.0619,0,-5,0,-5,2,2,0.6,-0.3,0.1,0.86,-7,-7,-7
-5,-5,0,0,179.699478,2,-9,-8,-8,-8,-8,-8,-8,-8,-8,-8,-8,-8,-5,-8,-5,-8,-8,-8,-8,-8,-8,-8,-8,-8
-5,-5,302.880131,0,257.338552,2,8,-0.2448,0.2555,36.5733,48.2086,3,0.9765,0.5626,0.1973,0.0606,0.0518,-8,-5,-8,-5,-8,-8,0,1.31,0.55,0.96,1.69,-0.46,-0.23
-5,-5,0,0,0,2,5,0.9215,0.2865,51.5799,60.317,5,0.9998,0.9743,0.9263,0.3724,0.1135,0,-5,0,-5,3,4,0.03,-0.7,-1.41,-1.31,0.1,-0.17,1.27
-5,-5,31.121414,39.911523,32.30362,2,3,-0.8295,0.2367,27.9139,42.1388,2,0.8157,0.1579,0.0643,0.0442,0.0479,-8,-5,-8,-5,-8,-8,0.03,0.34,0.1,1.34,0.66,0.25,0.93
-5,-5,121.579454,132.834749,104.782571,2,8,0.3208,0.2888,44.2882,54.0808,4,0.9976,0.874,0.5797,0.1194,0.0645,0,-5,0,-5,2,4,1.76,0.9,1.34,0.12,0.28,1.1,0.28
-5,-5,312.008294,0,0,1,6,0.5942,0.2707,47.6462,56.9185,4,0.9992,0.9371,0.7822,0.1956,0.0791,0,-5,0,-5,2,6,1.76,0.27,1.62,0.85,0.71,0.68,0.16
-5,-5,0,73.46774,50.460089,1,8,1.0124,0.2717,52.6606,61.2603,5,0.9999,0.9802,0.9478,0.4387,0.1284,-8,-5,-8,-5,-8,-8,1.16,0.9,0.9,0.66,0.1,-0.05,0.16
-5,-5,159.977149,256.322132,0,2,6,-1.4434,0.2804,21.329,35.7656,1,0.325,0.0468,0.035,0.039,0.0466,-8,-5,-8,-5,-8,-8,-1.16,0.04,-0.61,-2.11,-1.88,-2.91,-2.59
-5,-5,181.924685,179.843562,138.764148,1,8,0.8791,0.2345,51.074,59.8766,5,0.9998,0.9711,0.9139,0.3436,0.1075,0,-5,0,-5,4,7,1.76,1.31,1.62,1.35,1.69,1.83,0.47
-5,-5,18.037422,56.477436,39.735578,1,3,-0.1917,0.2779,37.3673,48.7598,3,0.9809,0.6048,0.2213,0.0634,0.0525,0,-5,0,-5,2,7,0.6,1.31,1.62,1.34,-0.33,1.83,-1.37
-5,-5,335.535871,311.697627,303.101229,1,8,-0.2061,0.2703,37.154,48.6108,3,0.9798,0.5936,0.2145,0.0626,0.0523,-8,-5,-8,-5,-8,-8,0,-0.3,0.1,1.23,-0.76,-1.02,-0.25
-5,-5,310.278329,331.562975,212.407934,2,8,-0.0121,0.2473,39.9439,50.6243,3,0.9907,0.7277,0.3233,0.0757,0.0553,0,-5,0,-5,2,3,-0.57,-0.3,-1.41,-1.38,-0.89,-1.33,-0.67
-5,-5,248.662413,0,152.194857,2,2,0.2054,0.2383,42.8308,52.883,4,0.9962,0.8338,0.4852,0.1,0.0606,-8,-5,-8,-5,-8,-8,0.6,0.9,-0.97,0.14,1.27,-0.17,-0.67
-5,-5,136.943483,146.064135,128.905123,1,8,1.4625,0.236,57.9391,65.9325,5,1,0.9947,0.9919,0.7676,0.2626,0,-5,0,-5,4,8,0.6,-0.7,0.55,-0.66,-0.89,1.1,0.16
-5,-5,239.926355,0,135.195186,2,5,-1.1775,0.2353,23.8481,38.5267,1,0.5579,0.0755,0.0424,0.0406,0.047,4,-5,0,-5,2,4,-1.73,-7,-7,-7,-1.5,-1.63,-2.26
-5,-5,0,0,332.717003,2,3,-8,-8,-8,-8,-8,-8,-8,-8,-8,-8,-8,-5,-8,-5,-8,-8,-8,-8,-8,-8,-8,-8,-8
-5,-5,0,0,123.175066,2,-9,-8,-8,-8,-8,-8,-8,-8,-8,-8,-8,-8,-5,-8,-5,-8,-8,-8,-8,-8,-8,-8,-8,-8
-5,-5,83.480792,0,67.462342,2,8,-0.5148,0.27,32.4294,45.4057,2,0.9351,0.3371,0.1118,0.0506,0.0494,0,-5,-7,-5,3,3,1.76,0.9,0.95,1.72,-0.33,-9,0.16
-5,-5,0,0,212.728102,1,3,-2.3735,0.4332,16.3374,26.1103,1,0.0146,0.0124,0.0275,0.0368,0.0462,-8,-5,-8,-5,-8,-8,0.03,0.9,0.1,0.14,1.27,1.83,0.99
-5,-5,96.561814,103.576273,63.496619,1,5,-0.9106,0.2913,26.8816,41.2976,1,0.7672,0.1311,0.0573,0.0432,0.0476,0,-5,0,-5,4,2,-0.57,-0.93,-0.73,-1.33,0.1,-0.89,-0.23
-5,-5,258.133484,0,180.595909,2,5,-0.6809,0.2852,29.9556,43.6821,2,0.8847,0.2261,0.0819,0.0468,0.0485,0,-5,-7,-5,1,1,0.6,-7,-7,-7,-7,-7,-7
-5,-5,0,211.420418,138.206447,1,3,-1.5586,0.3529,20.3943,34.5704,1,0.239,0.0386,0.033,0.0385,0.0465,-8,-5,-8,-5,-8,-8,0.6,-9,-9,0.86,1.69,1.83,-9
-5,-5,964.158782,750.257005,557.713422,2,3,-1.9698,0.3936,17.8352,30.301,1,0.0611,0.0209,0.029,0.0374,0.0463,0,-5,-7,-5,2,1,0.6,1.31,0.49,0.96,1.69,0.56,0.61
-5,-5,0,302.275112,241.129211,1,8,-0.5558,0.2908,31.8046,44.9799,2,0.9249,0.3064,0.1032,0.0495,0.0491,0,-5,0,-5,4,8,0,-0.13,-0.17,-1.86,-7,-7,-7
-5,-5,138.158293,0,78.553993,1,5,-0.257,0.2791,36.3898,48.0824,3,0.9754,0.5526,0.1921,0.06,0.0517,0,-5,0,-5,3,4,-0.57,-7,-7,-7,-7,-7,-7
-5,-5,143.443926,104.3031,83.497998,1,3,-1.7939,0.3016,18.7844,32.1275,1,0.1136,0.0268,0.0303,0.0377,0.0464,0,-5,0,-5,4,3,-0.57,0.9,-0.29,0.12,-9,-0.59,-9
-5,-5,298.44412,316.211495,209.7809,1,6,-0.0698,0.3004,39.1366,50.0256,3,0.9882,0.6919,0.287,0.0712,0.0543,0,-5,0,-5,4,4,0.6,-0.3,-0.17,0.55,-0.52,-0.05,0.93
-5,-5,0,0,400.705404,1,8,0.889,0.2331,51.1914,59.9787,5,0.9998,0.9719,0.9169,0.3502,0.1089,-8,-5,-8,-5,-8,-8,0.6,0.9,1.62,-0.11,1.69,0.25,2.03
-5,-5,0,0,81.939716,1,2,-8,-8,-8,-8,-8,-8,-8,-8,-8,-8,-8,-5,-8,-5,-8,-8,-8,-8,-8,-8,-8,-8,-8
-5,-5,0,0,263.16499,2,4,-8,-8,-8,-8,-8,-8,-8,-8,-8,-8,-8,-5,-8,-5,-8,-8,-8,-8,-8,-8,-8,-8,-8
-5,-5,275.34722,256.98863,246.65612,2,8,-0.1997,0.2782,37.2488,48.6769,3,0.9803,0.5986,0.2175,0.0629,0.0524,4,-5,0,-5,4,5,0.03,-0.3,0.1,0.19,-1.5,0.25,0.16
-5,-5,314.250699,349.83112,264.815476,1,4,-1.6707,0.3427,19.577,33.4064,1,0.1705,0.0323,0.0315,0.0381,0.0464,-8,-5,-8,-5,-8,-8,-9,-2.37,0.1,-1.68,0.84,0.25,0.15
-5,-5,286.687098,308.805786,268.549383,2,8,1.1706,0.2427,54.5319,62.9028,5,0.9999,0.9875,0.9722,0.5623,0.1626,0,-5,0,-5,4,6,0.6,-0.3,0.1,0.1,-0.89,0.25,-0.67
-5,-5,284.069906,0,0,2,8,-0.3289,0.2642,35.295,47.3363,2,0.9675,0.4921,0.1646,0.0568,0.0509,0,-5,-7,-5,2,2,-1.73,0.27,-1.41,-0.34,-0.89,-0.05,0.16
-5,-5,0,287.571716,202.924849,1,8,0.8976,0.2457,51.2942,60.0681,5,0.9998,0.9725,0.9195,0.3559,0.11,-8,-5,-8,-5,-8,-8,1.16,-3.51,-9,1.25,-3.1,-2.91,-2.59
-5,-5,152.633157,138.328926,87.219033,2,2,0.9259,0.2474,51.6322,60.3624,5,0.9998,0.9746,0.9275,0.3755,0.1142,0,-5,-7,-5,2,2,0,-0.3,-0.13,-0.36,0.28,-0.03,0.09
